<configuration>

    <appender name="FILE" class="ch.qos.logback.core.FileAppender">
        <file>foo.log</file>
        <encoder>
            <pattern>%date %level [%thread] %logger{10} [%file : %line] %msg%n</pattern>
        </encoder>
    </appender>

    <appender name="STDOUT" class="ch.qos.logback.core.ConsoleAppender">
        <encoder>
            <pattern>%msg</pattern>
        </encoder>
    </appender>

    <appender name="SWING" class="loggerappender.SwingAppender">
        <pattern>%msg</pattern>
    </appender>

    <logger name="chapters.configuration.Foo" additivity="false">
        <appender-ref ref="FILE" />
    </logger>

    <root level="debug">
        <appender-ref ref="SWING" />
    </root>
</configuration>